,Unnamed: 0,time,QPH,QPV,grstart,grend,slope,intensity,error,nturns,acqPeriod,current_start,current_end,current_mapping,QPV_error
0,0,2022.08.30.09.53.55.122668,0.05,0.1,37.42873371853887,157.4698426805286,0.0004600993393732,2.9237409,0.000105228148437,229630,1661846034444000000,-6.183431625366211,-6.197165012359619,-6.183431625366211,0.0032199936273102914
1,1,2022.08.30.09.53.55.122668,0.05,0.1,39.23102536480269,157.4698426805286,0.0004609939191413,2.9237409,0.0001083056945176,229630,1661846034444000000,-6.183431625366211,-6.197165012359619,-6.183431625366211,0.0032199936273102914
2,2,2022.08.30.09.54.20.284962,0.05,0.1,42.83560865733034,155.83241461516286,0.0004516947886879,3.0234692,0.0001245750964859,229630,1661846059644000000,-6.224631309509277,-6.210897922515869,-6.224631309509277,-0.0032199936273102914
3,3,2022.08.30.09.54.45.522662,0.05,0.1,42.83560865733034,174.62824381619257,0.0004222791890894,3.0234692,0.0001022050224487,229630,1661846084844000000,-6.224631309509277,-6.197165012359619,-6.224631309509277,-0.0064398754531682645
4,4,2022.08.30.09.55.10.639370,0.05,0.1,41.03331701106652,188.5118385746485,0.0003868356391182,3.0301583,9.801385931971696e-05,229629,1661846110044000000,-6.183431625366211,-6.197165012359619,-6.183431625366211,0.0032199936273102914
5,5,2022.08.30.09.55.35.845458,0.05,0.1,46.44019194985799,155.2328340403669,0.000465330405699,3.0259016,0.0001260673452613,229629,1661846135244000000,-6.197165012359619,-6.197165012359619,-6.197165012359619,0.0
6,6,2022.08.30.09.56.26.391602,0.05,0.1,44.637900303594165,163.85816161889863,0.0004331143456218,2.9650917,0.0001189670269881,229635,1661846185644000000,-6.224631309509277,-6.183431625366211,-6.224631309509277,-0.009659869080478556
7,7,2022.08.30.09.56.51.434652,0.05,0.1,46.44019194985799,172.4604419966008,0.0004060670666541,2.9492812,0.0001068562907435,229633,1661846210844000000,-6.183431625366211,-6.210897922515869,-6.183431625366211,0.0064398754531682645
8,8,2022.08.30.09.57.16.640251,0.05,0.1,50.0447752423857,178.24909818022564,0.0003982070942877,2.8714445,0.0001008866288204,229630,1661846236044000000,-6.210897922515869,-6.224631309509277,-6.210897922515869,0.0032199936273102914
9,9,2022.08.30.09.57.41.897452,0.05,0.1,55.45165018117717,192.77839457737176,0.0003833446310804,2.8890793,9.381737318339964e-05,229631,1661846261244000000,-6.197165012359619,-6.210897922515869,-6.197165012359619,0.003219881825857973
10,10,2022.08.30.09.58.07.147496,0.05,0.1,46.44019194985799,170.47707772651418,0.0004306893086619,2.9754295,0.0001151081128766,229631,1661846286444000000,-6.1559648513793945,-6.183431625366211,-6.1559648513793945,0.006439987254620361
11,11,2022.08.30.09.58.32.253624,0.05,0.1,46.44019194985799,181.0627557462406,0.0004000037484374,2.9754295,9.619201812407336e-05,229629,1661846311644000000,-6.1559648513793945,-6.1559648513793945,-6.1559648513793945,0.0
12,12,2022.08.30.09.58.57.445037,0.05,0.1,46.44019194985799,168.77050650248233,0.00043220446882,2.9754295,0.0001259030566199,229630,1661846336844000000,-6.1559648513793945,-6.210897922515869,-6.1559648513793945,0.012879862707788625
13,13,2022.08.30.09.59.22.738679,0.05,0.1,66.26540005876018,200.9194660630809,0.0003771048398074,2.9638755,6.779991515207163e-05,229629,1661846362044000000,-6.210897922515869,-6.210897922515869,-6.210897922515869,0.0
14,14,2022.08.30.09.59.47.843395,0.05,0.1,53.64935853491335,175.9659694744384,0.0004241109177905,2.9523215,0.0001217954704813,229629,1661846387244000000,-6.183431625366211,-6.210897922515869,-6.183431625366211,0.0064398754531682645
15,15,2022.08.30.10.00.13.034858,0.05,0.1,50.0447752423857,154.4025886050002,0.0004786623989082,3.107387,0.0001183999068777,229630,1661846412444000000,-6.183431625366211,-6.197165012359619,-6.183431625366211,0.0032199936273102914
16,16,2022.08.30.10.00.38.328721,0.05,0.1,57.253941827441,211.251338554414,0.0003431078007355,3.107387,9.046923764658396e-05,229630,1661846437644000000,-6.197165012359619,-6.197165012359619,-6.197165012359619,0.0
17,17,2022.08.30.10.01.03.433250,0.05,0.1,59.05623347370482,190.8642006415208,0.0003978870242301,3.0520499,0.0001018831482201,229630,1661846462844000000,-6.183431625366211,-6.183431625366211,-6.183431625366211,0.0
18,18,2022.08.30.10.01.28.636668,0.05,0.1,62.66081676623253,154.35646385859093,0.0005257501918178,3.028334,0.0001314669312138,229632,1661846488044000000,-6.169698238372803,-6.197165012359619,-6.169698238372803,0.006439987254620583
19,19,2022.08.30.10.01.53.834055,0.05,0.1,69.86998335128783,198.0827234545701,0.0003868569934438,3.0143478,0.0001270201995225,229630,1661846513244000000,-6.169698238372803,-6.197165012359619,-6.169698238372803,0.006439987254620583
20,20,2022.08.30.10.02.19.094231,0.05,0.1,93.29977475271768,196.8373553015201,0.0004513886095476,2.8465123,0.0001214193833413,229629,1661846538444000000,-6.169698238372803,-6.197165012359619,-6.169698238372803,0.006439987254620583
21,21,2022.08.30.10.02.44.255318,0.05,0.0,23.01040054842821,44.64875452416436,0.0019419800042191,2.8580663,0.0007471706708511,229630,1661846563644000000,-6.197165012359619,-6.197165012359619,-6.197165012359619,0.0
22,22,2022.08.30.10.03.09.457329,0.05,0.0,19.4058172559005,44.6026297777551,0.0018389526503431,2.9334707,0.0010085480257479,229630,1661846588844000000,-5.757698059082031,-5.77143144607544,-5.757698059082031,0.0032199936273102914
23,23,2022.08.30.10.03.34.736813,0.05,0.0,21.208108902164327,45.7787947014554,0.0018761731881873,2.924349,0.0007597648301564,229629,1661846614044000000,-5.757698059082031,-5.743965148925781,-5.757698059082031,-0.003219881825857973
24,24,2022.08.30.10.03.59.844864,0.05,0.0,26.61498384095586,41.97350446178783,0.0021543839800362,2.9182682,0.0009264341050933,229629,1661846639244000000,-5.77143144607544,-5.757698059082031,-5.77143144607544,-0.0032199936273102914
25,25,2022.08.30.10.04.25.039911,0.05,0.0,17.603525609636677,46.12473017778882,0.0017180749611216,2.9894156,0.0008565308677086,229633,1661846664444000000,-5.77143144607544,-5.757698059082031,-5.77143144607544,-0.0032199936273102914
26,26,2022.08.30.10.04.50.242307,0.05,0.0,21.208108902164327,45.08692374878857,0.0018024684999086,2.986375,0.0010581180592376,229630,1661846689644000000,-5.757698059082031,-5.743965148925781,-5.757698059082031,-0.003219881825857973
27,27,2022.08.30.10.05.15.664868,0.05,0.0,21.208108902164327,42.08881999003584,0.00199963374849,2.9492812,0.0010784185289239,229629,1661846714844000000,-5.757698059082031,-5.730231761932373,-5.757698059082031,-0.0064398754531682645
28,28,2022.08.30.10.05.40.681596,0.05,0.0,17.603525609636677,39.94401984807785,0.0019657549407344,2.9590106,0.0011546502515296,229629,1661846740044000000,-5.743965148925781,-5.730231761932373,-5.743965148925781,-0.0032199936273102914
29,29,2022.08.30.10.06.05.921264,0.05,0.0,17.603525609636677,45.01774061399998,0.0017572824943189,2.9626594,0.0008972003498941,229629,1661846765244000000,-5.77143144607544,-5.757698059082031,-5.77143144607544,-0.0032199936273102914
30,30,2022.08.30.10.06.31.069303,0.05,0.0,17.603525609636677,40.866514532790966,0.0019748131148538,2.9626594,0.0009163235960249,229630,1661846790444000000,-5.77143144607544,-5.785164833068848,-5.77143144607544,0.0032199936273100693
31,31,2022.08.30.10.06.56.310180,0.05,0.0,26.61498384095586,43.65707247636526,0.0021335233126655,2.9736052,0.0008781749493983,229630,1661846815644000000,-5.757698059082031,-5.785164833068848,-5.757698059082031,0.006439987254620361
32,32,2022.08.30.10.07.21.465847,0.05,0.0,15.801233963372852,43.79544671559304,0.0017995225843237,3.010699,0.0009539379278698,229629,1661846840844000000,-5.77143144607544,-5.743965148925781,-5.77143144607544,-0.0064398754531682645
33,33,2022.08.30.10.07.46.694647,0.05,0.0,19.4058172559005,39.4366581799179,0.002057574973544,3.010699,0.0009147203476772,229630,1661846866044000000,-5.743965148925781,-5.730231761932373,-5.743965148925781,-0.0032199936273102914
34,34,2022.08.30.10.08.11.965401,0.05,0.0,21.208108902164327,43.749321969183775,0.0018472278626555,2.936511,0.0008644844464003,229630,1661846891244000000,-5.757698059082031,-5.77143144607544,-5.757698059082031,0.0032199936273102914
35,35,2022.08.30.10.08.37.070490,0.05,0.0,21.208108902164327,45.77881483862698,0.0018279576077766,2.936511,0.00084294447424,229630,1661846916444000000,-5.757698059082031,-5.743965148925781,-5.757698059082031,-0.003219881825857973
36,36,2022.08.30.10.09.02.306946,0.05,0.0,21.208108902164327,41.62758729658524,0.0019952498603932,2.9286058,0.000951026990931,229629,1661846941644000000,-5.77143144607544,-5.743965148925781,-5.77143144607544,-0.0064398754531682645
37,37,2022.08.30.10.09.27.464506,0.05,0.0,19.4058172559005,45.82493958909411,0.0017934149442676,2.9577944,0.0008228346782502,229629,1661846966844000000,-5.743965148925781,-5.743965148925781,-5.743965148925781,0.0
38,38,2022.08.30.10.11.08.242581,0.05,0.0,21.208108902164327,41.71984780855296,0.0018983509918588,3.010091,0.0008319273937692,229632,1661847067644000000,-5.77143144607544,-5.757698059082031,-5.77143144607544,-0.0032199936273102914
39,39,2022.08.30.10.11.33.553228,0.05,0.0,23.01040054842821,43.17277783173639,0.0019628726788605,3.010091,0.0008297843434831,229630,1661847092844000000,-5.743965148925781,-5.77143144607544,-5.743965148925781,0.0064398754531682645
40,40,2022.08.30.10.11.58.666315,0.05,0.0,21.208108902164327,44.48731791173195,0.0018989995204225,3.010091,0.0009139897097661,229630,1661847118044000000,-5.77143144607544,-5.785164833068848,-5.77143144607544,0.0032199936273100693
41,41,2022.08.30.10.13.39.435271,0.05,0.0,19.4058172559005,41.44308464872074,0.0019175283867839,2.900633,0.0009948952205055,229630,1661847218844000000,-5.743965148925781,-5.757698059082031,-5.743965148925781,0.003219881825857973
42,42,2022.08.30.10.14.55.085469,0.05,0.0,24.81269219469204,41.35083515590222,0.0020161572578715,2.961443,0.0010490346625481,229632,1661847294444000000,-5.77143144607544,-5.743965148925781,-5.77143144607544,-0.0064398754531682645
43,43,2022.08.30.10.15.20.233587,0.05,0.0,23.01040054842821,42.89601416061245,0.0020357632531233,2.9857671,0.000832827491137,229635,1661847319644000000,-5.77143144607544,-5.730231761932373,-5.77143144607544,-0.009659869080478556
44,44,2022.08.30.10.15.45.410452,0.05,-0.1,13.998942317109028,30.60376924254448,0.0029889308592747,2.9511054,0.0034970747674274,229629,1661847344844000000,-5.77143144607544,-5.77143144607544,-5.77143144607544,0.0
45,45,2022.08.30.10.16.10.728894,0.05,-0.1,13.998942317109028,29.473702583607057,0.0028758329341572,3.0015776,0.003699890833206,229630,1661847370044000000,-5.345698356628418,-5.318231582641602,-5.345698356628418,-0.006439987254620583
46,46,2022.08.30.10.16.35.804130,0.05,-0.1,15.801233963372852,30.834382123851825,0.0027804075363983,3.0599551,0.0037185533893501,229630,1661847395244000000,-5.318231582641602,-5.304498195648193,-5.318231582641602,-0.0032199936273102914
47,47,2022.08.30.10.17.01.045075,0.05,-0.1,13.998942317109028,30.64988320314067,0.0028551201413762,3.0003614,0.0035663084403553,229632,1661847420444000000,-5.33196496963501,-5.304498195648193,-5.33196496963501,-0.006439987254620583
48,48,2022.08.30.10.17.26.335362,0.05,-0.1,15.801233963372852,31.73382552957136,0.0025946862438191,3.0356312,0.0038606892206918,229631,1661847445644000000,-5.304498195648193,-5.318231582641602,-5.304498195648193,0.0032199936273102914
49,49,2022.08.30.10.17.51.400322,0.05,-0.1,17.603525609636677,30.78826822818152,0.002999856711002,3.0356312,0.0034927136436281,229632,1661847470844000000,-5.318231582641602,-5.304498195648193,-5.318231582641602,-0.0032199936273102914
50,50,2022.08.30.10.18.16.647039,0.05,-0.1,19.4058172559005,30.83439297459078,0.0029744594909179,3.0265095,0.0047272933237037,229630,1661847496044000000,-5.290765285491943,-5.304498195648193,-5.290765285491943,0.003219881825857973
51,51,2022.08.30.10.18.41.888407,0.05,-0.1,19.4058172559005,31.018891960227823,0.0029525619259595,3.0265095,0.0039803266249508,229630,1661847521244000000,-5.290765285491943,-5.318231582641602,-5.290765285491943,0.0064398754531682645
52,52,2022.08.30.10.19.07.042021,0.05,-0.1,13.998942317109028,32.37957197930101,0.0027351536647512,2.9018493,0.0033990893403521,229630,1661847546444000000,-5.304498195648193,-5.290765285491943,-5.304498195648193,-0.003219881825857973
53,53,2022.08.30.10.19.32.242344,0.05,-0.1,13.998942317109028,29.05859023783424,0.0029454735902938,2.9018493,0.0038289357264595,229630,1661847571644000000,-5.304498195648193,-5.318231582641602,-5.304498195648193,0.0032199936273102914
54,54,2022.08.30.10.19.57.466495,0.05,-0.1,12.196650670845202,32.564070964938054,0.0024794409469642,2.9018493,0.0031496649985724,229633,1661847596844000000,-5.318231582641602,-5.290765285491943,-5.318231582641602,-0.0064398754531682645
55,55,2022.08.30.10.20.22.688250,0.05,-0.1,15.801233963372852,31.295640438683385,0.0027195499627785,2.997321,0.0031487308840483,229630,1661847622044000000,-5.33196496963501,-5.318231582641602,-5.33196496963501,-0.0032199936273102914
56,56,2022.08.30.10.20.47.810317,0.05,-0.1,13.998942317109028,32.2181353668686,0.0028139610214921,2.9511054,0.0033207719622856,229630,1661847647244000000,-5.304498195648193,-5.33196496963501,-5.304498195648193,0.006439987254620583
57,57,2022.08.30.10.21.13.032447,0.05,-0.1,12.196650670845202,32.40263435250564,0.0024493903506743,2.9188762,0.0031964192735965,229629,1661847672444000000,-5.33196496963501,-5.290765285491943,-5.33196496963501,-0.009659869080478556
58,58,2022.08.30.10.21.38.320990,0.05,-0.1,15.801233963372852,32.9791936826214,0.0024178807909079,2.9760375,0.0035435846209304,229635,1661847697644000000,-5.345698356628418,-5.290765285491943,-5.345698356628418,-0.012879862707788847
59,59,2022.08.30.10.22.03.428104,0.05,-0.1,17.603525609636677,30.74214348177226,0.0029393815045791,2.979078,0.0035321285220526,229630,1661847722844000000,-5.304498195648193,-5.318231582641602,-5.304498195648193,0.0032199936273102914
60,60,2022.08.30.10.22.28.635561,0.05,-0.1,13.998942317109028,32.40263435250564,0.0025968993705493,2.9389434,0.0035529448595009,229630,1661847748044000000,-5.304498195648193,-5.33196496963501,-5.304498195648193,0.006439987254620583
61,61,2022.08.30.10.22.53.844694,0.05,-0.1,13.998942317109028,32.40263435250564,0.0028031523337745,2.9389434,0.0036075240227671,229630,1661847773244000000,-5.304498195648193,-5.33196496963501,-5.304498195648193,0.006439987254620583
62,62,2022.08.30.10.23.19.274097,0.05,-0.1,17.603525609636677,32.63325808455195,0.0028427279629358,2.996713,0.0040560694248659,229631,1661847798444000000,-5.318231582641602,-5.318231582641602,-5.318231582641602,0.0
63,63,2022.08.30.10.23.44.231035,0.05,-0.1,13.998942317109028,32.587133338142685,0.0026097546102715,2.95597,0.0027850425748111,229630,1661847823644000000,-5.318231582641602,-5.318231582641602,-5.318231582641602,0.0
64,64,2022.08.30.10.24.09.441442,0.05,-0.1,19.4058172559005,32.77163232377973,0.0027380439069908,2.93043,0.0040742855276812,229630,1661847848844000000,-5.318231582641602,-5.290765285491943,-5.318231582641602,-0.0064398754531682645
65,65,2022.08.30.10.24.34.626239,0.05,-0.1,15.801233963372852,30.626831615749108,0.002720955081269,2.93043,0.0036577813918578,229630,1661847874044000000,-5.345698356628418,-5.318231582641602,-5.345698356628418,-0.006439987254620583
66,66,2022.08.30.10.24.59.890391,0.05,-0.1,21.208108902164327,30.626831615749108,0.0030836756255572,2.9213085,0.0053735122035,229630,1661847899244000000,-5.290765285491943,-5.318231582641602,-5.290765285491943,0.0064398754531682645
67,67,2022.08.30.10.25.25.035189,0.05,-0.1,10.394359024581377,29.565962448336112,0.0027685025385688,3.041712,0.0035643392572819,229630,1661847924444000000,-5.304498195648193,-5.304498195648193,-5.304498195648193,0.0
68,68,2022.08.30.10.26.15.539855,0.05,-0.1,15.801233963372852,30.32701009189615,0.0027880312598553,3.095833,0.003232370492035,229630,1661847974844000000,-5.304498195648193,-5.318231582641602,-5.304498195648193,0.0032199936273102914
69,69,2022.08.30.10.26.40.647648,0.05,-0.1,15.801233963372852,30.511509012607306,0.0027679573320465,3.095833,0.0032929177483546,229630,1661848000044000000,-5.304498195648193,-5.318231582641602,-5.304498195648193,0.0032199936273102914
70,70,2022.08.30.10.27.05.863073,0.05,-0.1,21.208108902164327,33.04836917238569,0.0029687218511635,2.9018493,0.0039362383889051,229630,1661848025244000000,-5.318231582641602,-5.33196496963501,-5.318231582641602,0.0032199936273102914
71,71,2022.08.30.10.27.31.195817,0.05,-0.1,15.801233963372852,31.410944014481544,0.0027237867233332,2.8951604,0.003539772895795,229632,1661848050444000000,-5.318231582641602,-5.290765285491943,-5.318231582641602,-0.0064398754531682645
72,72,2022.08.30.10.27.56.265611,0.05,-0.1,17.603525609636677,30.6268235324754,0.0030463444536797,2.8951604,0.0031182310033105,229630,1661848075644000000,-5.318231582641602,-5.304498195648193,-5.318231582641602,-0.0032199936273102914
73,73,2022.08.30.10.28.21.452725,0.05,-0.1,13.998942317109028,34.016991498796095,0.0025964396177942,2.8659716,0.003559793618164,229630,1661848100844000000,-5.318231582641602,-5.318231582641602,-5.318231582641602,0.0
74,74,2022.08.30.10.28.46.646258,0.05,-0.1,17.603525609636677,30.78826822818152,0.0030363572527179,2.9097545,0.0033624914361148,229630,1661848126044000000,-5.33196496963501,-5.304498195648193,-5.33196496963501,-0.006439987254620583
75,75,2022.08.30.10.29.11.919202,0.05,-0.1,13.998942317109028,30.373145510498173,0.0030785967460053,2.9571865,0.0037647198232838,229630,1661848151244000000,-5.304498195648193,-5.345698356628418,-5.304498195648193,0.009659980881930874
76,76,2022.08.30.10.29.37.041636,0.05,-0.1,15.801233963372852,32.54100859173342,0.0027339979788786,3.0210369,0.0028671948131819,229632,1661848176444000000,-5.318231582641602,-5.318231582641602,-5.318231582641602,0.0
77,77,2022.08.30.10.30.02.244422,0.05,-0.1,12.196650670845202,30.465397683539667,0.0024880258633981,2.9815104,0.0036187194781309,229629,1661848201644000000,-5.33196496963501,-5.318231582641602,-5.33196496963501,-0.0032199936273102914
78,78,2022.08.30.10.30.27.521995,0.05,-0.1,15.801233963372852,30.78827093680958,0.0026248412411165,3.027726,0.0039474474945645,229632,1661848226844000000,-5.318231582641602,-5.318231582641602,-5.318231582641602,0.0
79,79,2022.08.30.10.30.52.647563,0.05,-0.1,17.603525609636677,30.626834310174623,0.0030261463397734,3.027726,0.0043035243812265,229635,1661848252044000000,-5.318231582641602,-5.318231582641602,-5.318231582641602,0.0
80,80,2022.08.30.10.31.17.848199,0.05,-0.1,19.4058172559005,31.826086222113368,0.0028780875049314,2.9833348,0.0037029369293106,229630,1661848277244000000,-5.304498195648193,-5.33196496963501,-5.304498195648193,0.006439987254620583
81,81,2022.08.30.10.31.43.177119,0.05,-0.1,17.603525609636677,30.60378001213365,0.0029827016280683,2.9833348,0.0042169614183983,229630,1661848302444000000,-5.318231582641602,-5.290765285491943,-5.318231582641602,-0.0064398754531682645
82,82,2022.08.30.10.32.08.266190,0.05,-0.1,17.603525609636677,30.995840494579973,0.0029163632083785,3.0593472,0.0033965332727997,229630,1661848327644000000,-5.318231582641602,-5.33196496963501,-5.318231582641602,0.0032199936273102914
83,83,2022.08.30.10.32.33.465497,0.05,-0.1,21.208108902164327,30.626831615749108,0.003042400389611,3.041104,0.0045262056280423,229630,1661848352844000000,-5.290765285491943,-5.33196496963501,-5.290765285491943,0.009659869080478556
84,84,2022.08.30.10.32.58.698566,0.05,-0.1,15.801233963372852,30.78826822818152,0.0028210084067006,3.0593472,0.0034656757703853,229632,1661848378044000000,-5.33196496963501,-5.33196496963501,-5.33196496963501,0.0
85,85,2022.08.30.10.33.23.941207,0.05,-0.1,19.4058172559005,30.71908110856763,0.0029099662360892,2.9833348,0.0051946300497566,229630,1661848403244000000,-5.33196496963501,-5.304498195648193,-5.33196496963501,-0.006439987254620583
86,86,2022.08.30.10.33.49.047573,0.05,-0.1,21.208108902164327,30.465395003316694,0.0030231465971773,2.9857671,0.0046184569037857,229631,1661848428444000000,-5.304498195648193,-5.304498195648193,-5.304498195648193,0.0
87,87,2022.08.30.10.34.14.245932,0.05,-0.2,15.801233963372852,27.0521637690314,0.0034162329987271,2.8781335,0.0076276379971799,229630,1661848453644000000,-4.865031719207764,-4.878765106201172,-4.865031719207764,0.0032199936273102914
88,88,2022.08.30.10.34.39.513087,0.05,-0.2,17.603525609636677,25.59923425713969,0.004018849300108,2.8781335,0.0107842887791301,229630,1661848478844000000,-4.851298332214356,-4.878765106201172,-4.851298332214356,0.006439987254620361
89,89,2022.08.30.10.35.04.668960,0.05,-0.2,15.801233963372852,26.95991427621288,0.0033119359018375,2.9681323,0.0083575408962122,229631,1661848504044000000,-4.89249849319458,-4.878765106201172,-4.89249849319458,-0.0032199936273100693
90,90,2022.08.30.10.35.29.934300,0.05,-0.2,21.208108902164327,25.414735271502646,0.0032776806841444,2.91766,0.0199209231690646,229632,1661848529244000000,-4.878765106201172,-4.89249849319458,-4.878765106201172,0.0032199936273100693
91,91,2022.08.30.10.35.55.199652,0.05,-0.2,17.603525609636677,26.660103424552688,0.0042205401547512,2.9681323,0.0092202304918503,229629,1661848554444000000,-4.878765106201172,-4.878765106201172,-4.878765106201172,0.0
92,92,2022.08.30.10.36.20.259541,0.05,-0.2,13.998942317109028,26.660094042761937,0.0039660185123705,2.9395516,0.0063911420140694,229630,1661848579644000000,-4.878765106201172,-4.878765106201172,-4.878765106201172,0.0
93,93,2022.08.30.10.36.45.457523,0.05,-0.2,10.394359024581377,25.137977946894907,0.0034869223430359,2.9395516,0.0053282291335333,229630,1661848604844000000,-4.865031719207764,-4.865031719207764,-4.865031719207764,0.0
94,94,2022.08.30.10.37.10.655783,0.05,-0.2,21.208108902164327,26.91378005873977,0.0046058957941431,2.8307018,0.0138760565650027,229630,1661848630044000000,-4.878765106201172,-4.878765106201172,-4.878765106201172,0.0
95,95,2022.08.30.10.37.35.900539,0.05,-0.2,19.4058172559005,25.34554146249281,0.0036239719557227,2.9322543,0.0092122778739702,229631,1661848655244000000,-4.865031719207764,-4.878765106201172,-4.865031719207764,0.0032199936273102914
96,96,2022.08.30.10.38.01.034631,0.05,-0.2,17.603525609636677,24.21548547371925,0.0044511739653891,3.0885358,0.0112220092539604,229629,1661848680444000000,-4.865031719207764,-4.865031719207764,-4.865031719207764,0.0
97,97,2022.08.30.10.38.26.252251,0.05,-0.2,15.801233963372852,26.68315875532684,0.0034165147510152,3.0885358,0.0067580945224589,229630,1661848705644000000,-4.878765106201172,-4.878765106201172,-4.878765106201172,0.0
98,98,2022.08.30.10.38.51.531927,0.05,-0.2,17.603525609636677,25.852920362390623,0.004288558508484,3.0885358,0.0099303035636363,229630,1661848730844000000,-4.865031719207764,-4.878765106201172,-4.865031719207764,0.0032199936273102914
99,99,2022.08.30.10.39.16.652748,0.05,-0.2,19.4058172559005,28.15915768285366,0.0035384227890596,2.8532016,0.008734020305595,229630,1661848756044000000,-4.906231880187988,-4.865031719207764,-4.906231880187988,-0.009659980881930652
100,100,2022.08.30.10.39.41.897152,0.05,-0.2,17.603525609636677,26.47560443891564,0.0043035642232721,2.8532016,0.0095620496578032,229631,1661848781244000000,-4.865031719207764,-4.89249849319458,-4.865031719207764,0.006439987254620361
101,101,2022.08.30.10.40.07.078420,0.05,-0.2,17.603525609636677,26.037421638695143,0.0041451957016964,2.9802942,0.011432562271345,229630,1661848806444000000,-4.878765106201172,-4.89249849319458,-4.878765106201172,0.0032199936273100693
102,102,2022.08.30.10.40.32.482780,0.05,-0.2,13.998942317109028,25.55311175879028,0.0039105325841645,2.9456325,0.0069286271996668,229630,1661848831644000000,-4.878765106201172,-4.851298332214356,-4.878765106201172,-0.006439987254620361
103,103,2022.08.30.10.40.57.475663,0.05,-0.2,13.998942317109028,25.1379890045861,0.0038103250433607,2.9456325,0.0073168576216826,229631,1661848856844000000,-4.878765106201172,-4.851298332214356,-4.878765106201172,-0.006439987254620361
104,104,2022.08.30.10.41.22.658918,0.05,-0.2,13.998942317109028,26.95992376351488,0.0038087481250265,2.8963764,0.0059697047720438,229630,1661848882044000000,-4.878765106201172,-4.865031719207764,-4.878765106201172,-0.0032199936273102914
105,105,2022.08.30.10.41.47.850892,0.05,-0.2,14.357897170535864,26.867674238233384,0.0039830680428767,2.8963764,0.007475616989001,229630,1661848907244000000,-4.851298332214356,-4.865031719207764,-4.851298332214356,0.0032199936273100693
106,106,2022.08.30.10.42.13.095527,0.05,-0.2,13.998942317109028,25.714555172214784,0.0040178657833279,2.9809022,0.0075169183606874,229630,1661848932444000000,-4.865031719207764,-4.865031719207764,-4.865031719207764,0.0
107,107,2022.08.30.10.42.38.234370,0.05,-0.2,17.603525609636677,25.045737300228563,0.0043125439612987,3.022861,0.0116052307108667,229629,1661848957644000000,-4.851298332214356,-4.865031719207764,-4.851298332214356,0.0032199936273100693
108,108,2022.08.30.10.43.03.428562,0.05,-0.2,21.208108902164327,25.276361032274867,0.0036053121083251,2.7127306,0.0178519480502472,229630,1661848982844000000,-4.878765106201172,-4.878765106201172,-4.878765106201172,0.0
109,109,2022.08.30.10.43.28.732443,0.05,-0.2,15.801233963372852,25.29942340547949,0.0036810736385208,3.0046182,0.0087895431940283,229630,1661849008044000000,-4.878765106201172,-4.878765106201172,-4.878765106201172,0.0
110,110,2022.08.30.10.43.53.822584,0.05,-0.2,13.998942317109028,25.829857989185992,0.0039196008361567,2.9869833,0.0076586267817413,229630,1661849033244000000,-4.89249849319458,-4.878765106201172,-4.89249849319458,-0.0032199936273100693
111,111,2022.08.30.10.44.19.035562,0.05,-0.2,19.4058172559005,25.71454612316284,0.0035673081517162,3.0593472,0.0116897641521161,229630,1661849058444000000,-4.865031719207764,-4.878765106201172,-4.865031719207764,0.0032199936273102914
112,112,2022.08.30.10.44.44.229713,0.05,-0.2,13.998942317109028,26.798477663780467,0.0039273223490535,3.0125234,0.0065985518863443,229630,1661849083644000000,-4.878765106201172,-4.865031719207764,-4.878765106201172,-0.0032199936273102914
113,113,2022.08.30.10.45.09.672137,0.05,-0.2,13.998942317109028,25.230236285865605,0.0040863675020627,2.9663079,0.0092277489757166,229630,1661849108844000000,-4.865031719207764,-4.89249849319458,-4.865031719207764,0.006439987254620361
114,114,2022.08.30.10.45.34.644069,0.05,-0.2,13.998942317109028,25.34554815188876,0.0037960167650017,2.9663079,0.0078629157491349,229635,1661849134044000000,-4.865031719207764,-4.89249849319458,-4.865031719207764,0.006439987254620361
115,115,2022.08.30.10.45.59.837824,0.05,-0.2,15.801233963372852,25.945169855209144,0.0033680833942783,3.003402,0.0079804307355473,229630,1661849159244000000,-4.89249849319458,-4.89249849319458,-4.89249849319458,0.0
116,116,2022.08.30.10.46.25.046300,0.05,-0.2,15.801233963372852,25.114924419842453,0.0036431228145963,3.0392797,0.0084416162619836,229630,1661849184444000000,-4.865031719207764,-4.851298332214356,-4.865031719207764,-0.0032199936273100693
117,117,2022.08.30.10.46.50.306037,0.05,-0.2,17.603525609636677,26.93685190300825,0.0041940353905707,3.0392797,0.0094344335734574,229629,1661849209644000000,-4.906231880187988,-4.865031719207764,-4.906231880187988,-0.009659980881930652
118,118,2022.08.30.10.47.15.446431,0.05,-0.2,13.998942317109028,25.29942340547949,0.0041991509274756,3.0234692,0.0078229499421437,229630,1661849234844000000,-4.878765106201172,-4.878765106201172,-4.878765106201172,0.0
119,119,2022.08.30.10.47.40.644949,0.05,-0.2,17.603525609636677,26.75235291737121,0.0041918233350349,3.0690768,0.0099983903714541,229633,1661849260044000000,-4.865031719207764,-4.906231880187988,-4.865031719207764,0.009659980881930652
120,120,2022.08.30.10.48.05.911910,0.05,-0.2,13.998942317109028,26.01435697482304,0.0039458381408346,2.8890793,0.0074316287033556,229630,1661849285244000000,-4.878765106201172,-4.851298332214356,-4.878765106201172,-0.006439987254620361
121,121,2022.08.30.10.48.31.037178,0.05,-0.2,12.196650670845202,25.89904510879989,0.0034008549590836,2.8890793,0.0072048016131284,229633,1661849310444000000,-4.865031719207764,-4.878765106201172,-4.865031719207764,0.0032199936273102914
122,122,2022.08.30.10.48.56.245074,0.05,-0.2,17.603525609636677,25.34554815188876,0.0043206449485006,2.9261734,0.0114427326295191,229630,1661849335644000000,-4.878765106201172,-4.878765106201172,-4.878765106201172,0.0
123,123,2022.08.30.10.49.21.534166,0.05,-0.2,17.603525609636677,25.991294601618407,0.004220377612635,2.924957,0.0091511228894039,229630,1661849360844000000,-4.878765106201172,-4.878765106201172,-4.878765106201172,0.0
124,124,2022.08.30.10.49.46.628409,0.05,-0.2,17.603525609636677,27.0521637690314,0.0042400905486189,2.924957,0.0076364353493813,229631,1661849386044000000,-4.878765106201172,-4.851298332214356,-4.878765106201172,-0.006439987254620361
125,125,2022.08.30.10.50.11.828049,0.05,-0.2,19.4058172559005,25.32248577868413,0.003632789894936,3.0556986,0.0094776721902514,229630,1661849411244000000,-4.865031719207764,-4.89249849319458,-4.865031719207764,0.006439987254620361
126,126,2022.08.30.10.50.37.033372,0.05,-0.2,17.603525609636677,25.34554815188876,0.0037275650384981,3.0556986,0.009181953602825,229630,1661849436444000000,-4.89249849319458,-4.89249849319458,-4.89249849319458,0.0
127,127,2022.08.30.10.51.02.280849,0.05,-0.2,19.4058172559005,25.25329865907024,0.0031336935411378,3.0490093,0.0113182619266196,229630,1661849461644000000,-4.89249849319458,-4.89249849319458,-4.89249849319458,0.0
128,128,2022.08.30.10.51.27.419082,0.05,-0.2,12.196650670845202,25.46086001791191,0.0035113745251922,2.991848,0.0068393542574568,229630,1661849486844000000,-4.865031719207764,-4.89249849319458,-4.865031719207764,0.006439987254620361
129,129,2022.08.30.10.51.52.631719,0.05,-0.2,15.801233963372852,27.00603902262214,0.0034645446927283,3.0490093,0.0077703044338996,229630,1661849512044000000,-4.89249849319458,-4.878765106201172,-4.89249849319458,-0.0032199936273100693
130,130,2022.08.30.10.52.17.931178,0.05,-0.3,19.4058172559005,29.266151596675915,0.0054960652100233,2.960227,0.0080879903370581,229629,1661849537244000000,-4.425565242767334,-4.398098468780518,-4.425565242767334,-0.006439987254620361
131,131,2022.08.30.10.52.43.035907,0.05,-0.3,15.801233963372852,25.829857989185992,0.0049570710485413,2.960227,0.0109947806322868,229630,1661849562444000000,-4.425565242767334,-4.398098468780518,-4.425565242767334,-0.006439987254620361
132,132,2022.08.30.10.53.08.233994,0.05,-0.3,17.603525609636677,28.943268186562484,0.0052716069581054,2.9857671,0.0109680432774453,229630,1661849587644000000,-4.439298629760742,-4.439298629760742,-4.439298629760742,0.0
133,133,2022.08.30.10.53.33.436507,0.05,-0.3,19.4058172559005,30.07332407591831,0.0047835533360508,2.9857671,0.0077590016219345,229630,1661849612844000000,-4.411831855773926,-4.425565242767334,-4.411831855773926,0.0032199936273102914
134,134,2022.08.30.10.53.58.917450,0.05,-0.3,15.801233963372852,26.98296715400646,0.0054652036022706,2.9857671,0.0082129006817285,229630,1661849638044000000,-4.398098468780518,-4.425565242767334,-4.398098468780518,0.006439987254620361
135,135,2022.08.30.10.54.23.890403,0.05,-0.3,15.801233963372852,26.775408223798145,0.0049014549901957,3.0058343,0.0077885166369195,229630,1661849663244000000,-4.425565242767334,-4.411831855773926,-4.425565242767334,-0.0032199936273102914
136,136,2022.08.30.10.54.49.054322,0.05,-0.3,21.208108902164327,29.10470730269876,0.0050355169836108,2.9200923,0.0117561401720361,229636,1661849688444000000,-4.439298629760742,-4.411831855773926,-4.439298629760742,-0.006439987254620583
137,137,2022.08.30.10.55.14.255824,0.05,-0.3,21.208108902164327,28.897145998638308,0.0050186363757142,2.8635392,0.013434488955777,229630,1661849713644000000,-4.411831855773926,-4.411831855773926,-4.411831855773926,0.0
138,138,2022.08.30.10.55.39.485009,0.05,-0.3,19.4058172559005,27.39809936710086,0.0058518451933241,2.868404,0.0090286260856317,229630,1661849738844000000,-4.425565242767334,-4.425565242767334,-4.425565242767334,0.0
139,139,2022.08.30.10.56.04.651038,0.05,-0.3,15.801233963372852,28.182220056058288,0.0046245098653825,3.0186043,0.009541043514523,229629,1661849764044000000,-4.466765403747559,-4.411831855773926,-4.466765403747559,-0.012879974509240943
140,140,2022.08.30.10.56.29.882112,0.05,-0.3,13.998942317109028,27.51341123312401,0.0051491733851635,2.9450245,0.0066409977089915,229635,1661849789244000000,-4.398098468780518,-4.398098468780518,-4.398098468780518,0.0
141,141,2022.08.30.10.57.20.245966,0.05,-0.3,17.603525609636677,26.037421638695143,0.0053343263880308,3.0903602,0.0119294675096201,229630,1661849839644000000,-4.45303201675415,-4.411831855773926,-4.45303201675415,-0.009659980881930874
142,142,2022.08.30.10.57.45.450793,0.05,-0.3,15.801233963372852,27.51341365364332,0.0049398169462123,3.0903602,0.0107389800148539,229630,1661849864844000000,-4.425565242767334,-4.411831855773926,-4.425565242767334,-0.0032199936273102914
143,143,2022.08.30.10.58.10.635178,0.05,-0.3,23.01040054842821,27.60567044048529,0.0078622528481316,2.9395516,0.009341434184318,229630,1661849890044000000,-4.439298629760742,-4.439298629760742,-4.439298629760742,0.0
144,144,2022.08.30.10.58.36.073366,0.05,-0.3,17.603525609636677,28.89716379442612,0.005030396611087,3.0113072,0.009409475633683,229633,1661849915244000000,-4.411831855773926,-4.425565242767334,-4.411831855773926,0.0032199936273102914
145,145,2022.08.30.10.59.01.063972,0.05,-0.3,15.801233963372852,27.60567044048529,0.0054777649441386,3.0617795,0.0083285931812572,229634,1661849940444000000,-4.439298629760742,-4.439298629760742,-4.439298629760742,0.0
146,146,2022.08.30.10.59.26.306798,0.05,-0.3,13.998942317109028,28.38978141489996,0.0042689446371253,3.0240774,0.0071461931159136,229629,1661849965644000000,-4.439298629760742,-4.411831855773926,-4.439298629760742,-0.006439987254620583
147,147,2022.08.30.10.59.51.529088,0.05,-0.3,17.603525609636677,27.62872309914716,0.0053580099589012,3.0617795,0.0104210072103607,229630,1661849990844000000,-4.425565242767334,-4.439298629760742,-4.425565242767334,0.0032199936273102914
148,148,2022.08.30.11.00.16.797080,0.05,-0.3,15.801233963372852,26.037419348027665,0.0054369508251266,3.0909681,0.0096407416539081,229630,1661850016044000000,-4.425565242767334,-4.425565242767334,-4.425565242767334,0.0
149,149,2022.08.30.11.00.41.808162,0.05,-0.3,15.801233963372852,26.613978678143425,0.0052593611419253,3.0909681,0.0065412268271826,229630,1661850041244000000,-4.425565242767334,-4.425565242767334,-4.425565242767334,0.0
150,150,2022.08.30.11.01.07.044250,0.05,-0.3,15.801233963372852,27.39809936710086,0.0052235731860803,2.9742131,0.007515229862524,229630,1661850066444000000,-4.411831855773926,-4.439298629760742,-4.411831855773926,0.006439987254620583
151,151,2022.08.30.11.01.32.340298,0.05,-0.3,13.998942317109028,26.38335494609712,0.0053182039618665,2.9213085,0.0081765579219537,229630,1661850091644000000,-4.425565242767334,-4.411831855773926,-4.425565242767334,-0.0032199936273102914
152,152,2022.08.30.11.01.57.457457,0.05,-0.3,17.603525609636677,28.482030907718485,0.0049521724703041,2.9742131,0.0090808325755794,229629,1661850116844000000,-4.45303201675415,-4.439298629760742,-4.45303201675415,-0.0032199936273102914
153,153,2022.08.30.11.06.09.444986,0.05,-0.3,19.4058172559005,25.62229663034432,0.0067366701713914,2.9857671,0.0155974802542356,229630,1661850368844000000,-4.425565242767334,-4.439298629760742,-4.425565242767334,0.0032199936273102914
154,154,2022.08.30.11.06.34.640650,0.05,-0.3,17.603525609636677,27.213600381463813,0.0056601755350389,2.9857671,0.0100492215654562,229630,1661850394044000000,-4.425565242767334,-4.384365558624268,-4.425565242767334,-0.009659869080478334
155,155,2022.08.30.11.06.59.896879,0.05,-0.3,17.603525609636677,26.890727156598988,0.0054151266957278,2.9857671,0.0128370151137934,229631,1661850419244000000,-4.425565242767334,-4.439298629760742,-4.425565242767334,0.0032199936273102914
156,156,2022.08.30.11.07.25.087301,0.05,-0.3,15.801233963372852,26.19885596046008,0.0048014597788624,2.9802942,0.0105494085974406,229629,1661850444444000000,-4.411831855773926,-4.411831855773926,-4.411831855773926,0.0
157,157,2022.08.30.11.07.50.271844,0.05,-0.3,15.801233963372852,26.429479692506384,0.0048003387030304,2.9802942,0.0092830562592396,229630,1661850469644000000,-4.411831855773926,-4.411831855773926,-4.411831855773926,0.0
158,158,2022.08.30.11.08.40.724157,0.05,-0.3,15.801233963372852,25.368610525093388,0.0050914813576138,2.9140112,0.010201452766058,229630,1661850520044000000,-4.425565242767334,-4.439298629760742,-4.425565242767334,0.0032199936273102914
159,159,2022.08.30.11.11.37.299598,0.05,-0.2,13.998942317109028,24.49224034331744,0.0044389695252763,2.8617148,0.0083775510372865,229631,1661850696444000000,-4.9199652671813965,-4.89249849319458,-4.9199652671813965,-0.006439987254620583
160,160,2022.08.30.11.12.02.237743,0.05,-0.3,15.801233963372852,25.43779764470728,0.0035009491306033,3.058131,0.0089566139130451,229632,1661850721644000000,-4.439298629760742,-4.439298629760742,-4.439298629760742,0.0
161,161,2022.08.30.11.13.17.924071,0.05,-0.3,17.603525609636677,27.236662754668444,0.0056710306245469,3.003402,0.0131536805370888,229635,1661850797244000000,-4.425565242767334,-4.398098468780518,-4.425565242767334,-0.006439987254620361
162,162,2022.08.30.11.13.43.126954,0.05,-0.4,13.998942317109028,25.506984764321167,0.0037887697861657,2.9875913,0.0149036056040197,229632,1661850822444000000,-4.411831855773926,-4.439298629760742,-4.411831855773926,0.006439987254620583
163,163,2022.08.30.11.14.08.273887,0.05,-0.4,15.801233963372852,26.175784375895155,0.0047048681177808,2.9894156,0.01451716142711,229636,1661850847644000000,-3.972365379333496,-3.972365379333496,-3.972365379333496,0.0
164,164,2022.08.30.11.14.33.556960,0.05,-0.4,19.4058172559005,25.806786534472845,0.0074933499295205,2.9894156,0.0258044757370316,229632,1661850872844000000,-3.972365379333496,-3.986098766326904,-3.972365379333496,0.0032199936273101804
165,165,2022.08.30.11.14.58.652821,0.05,-0.4,15.801233963372852,24.815104835650384,0.0033437116459398,2.9894156,0.017120234520685,229630,1661850898044000000,-3.972365379333496,-4.013565540313721,-3.972365379333496,0.009659980881930652
166,166,2022.08.30.11.15.23.843121,0.05,-0.4,17.603525609636677,26.45253508414856,0.0053262822576075,3.028942,0.0193594458767341,229631,1661850923244000000,-3.986098766326904,-3.999832153320313,-3.986098766326904,0.0032199936273104024
167,167,2022.08.30.11.15.49.125447,0.05,-0.4,12.196650670845202,26.014350108909827,0.0043834259686808,2.9936724,0.0101113806193139,229630,1661850948444000000,-3.958632230758667,-3.999832153320313,-3.958632230758667,0.009659924981204715
168,168,2022.08.30.11.16.14.286759,0.05,-0.4,19.4058172559005,28.13608788374999,0.0053414666814104,2.9523215,0.0206083501794479,229634,1661850973644000000,-3.986098766326904,-3.972365379333496,-3.986098766326904,-0.0032199936273101804
169,169,2022.08.30.11.16.39.507485,0.05,-0.4,15.801233963372852,26.567853931734163,0.0042520378752089,2.9523215,0.0129372221442832,229635,1661850998844000000,-3.999832153320313,-3.986098766326904,-3.999832153320313,-0.0032199936273104024
170,170,2022.08.30.11.17.04.662355,0.05,-0.4,21.208108902164327,26.706228170961943,0.0072476439545194,2.8142831,0.0418221409712119,229630,1661851024044000000,-3.972365379333496,-3.972365379333496,-3.972365379333496,0.0
171,171,2022.08.30.11.17.29.852250,0.05,-0.4,17.603525609636677,25.92210748200452,0.0060114825468587,2.9577944,0.0150434730527496,229630,1661851049244000000,-3.986098766326904,-3.972365379333496,-3.986098766326904,-0.0032199936273101804
172,172,2022.08.30.11.17.55.210047,0.05,-0.4,17.603525609636677,27.44422652794262,0.0052591118677671,2.9577944,0.0159043602706153,229631,1661851074444000000,-3.986098766326904,-3.999832153320313,-3.986098766326904,0.0032199936273104024
173,173,2022.08.30.11.18.20.264666,0.05,-0.4,17.603525609636677,25.29942563122105,0.00612186220198,3.022253,0.0253126842202402,229635,1661851099644000000,-3.999832153320313,-3.986098766326904,-3.999832153320313,-0.0032199936273104024
174,174,2022.08.30.11.18.45.475423,0.05,-0.4,15.801233963372852,26.24498532472553,0.0038387135463897,3.022253,0.0150913373762738,229630,1661851124844000000,-3.999832153320313,-3.999832153320313,-3.999832153320313,0.0
175,175,2022.08.30.11.19.10.649051,0.05,-0.4,17.603525609636677,26.729299950311155,0.0063268101618464,3.0076585,0.0221437879605235,229630,1661851150044000000,-3.986098766326904,-3.986098766326904,-3.986098766326904,0.0
176,176,2022.08.30.11.19.35.909648,0.05,-0.4,17.603525609636677,25.945178985418504,0.0063135285560792,3.0076585,0.0198695328783614,229630,1661851175244000000,-3.986098766326904,-3.958632230758667,-3.986098766326904,-0.006439931353894313
177,177,2022.08.30.11.20.01.108468,0.05,-0.4,19.4058172559005,24.86124706336102,0.0037063493784197,2.9626594,0.0409792478642855,229630,1661851200444000000,-3.986098766326904,-3.972365379333496,-3.986098766326904,-0.0032199936273101804
178,178,2022.08.30.11.20.26.281301,0.05,-0.4,17.603525609636677,26.31416782648323,0.0055304618312029,2.9626594,0.0180489869983384,229629,1661851225644000000,-3.986098766326904,-3.999832153320313,-3.986098766326904,0.0032199936273104024
179,179,2022.08.30.11.20.51.520327,0.05,-0.4,19.4058172559005,29.312276343085177,0.0050814124496914,2.9626594,0.0216259450583333,229630,1661851250844000000,-3.986098766326904,-3.986098766326904,-3.986098766326904,0.0
180,180,2022.08.30.11.21.16.720076,0.05,-0.4,19.4058172559005,27.02910139582677,0.0055825769299148,3.0046182,0.0238553211370819,229630,1661851276044000000,-3.972365379333496,-3.958632230758667,-3.972365379333496,-0.0032199377265841322
181,181,2022.08.30.11.21.41.884810,0.05,-0.4,15.801233963372852,25.991294601618407,0.0044329592981459,3.0046182,0.0119752384256218,229632,1661851301244000000,-3.972365379333496,-3.999832153320313,-3.972365379333496,0.006439987254620583
182,182,2022.08.30.11.22.07.152857,0.05,-0.4,15.801233963372852,26.31416782648323,0.0052009629322103,2.961443,0.015935756150352,229630,1661851326444000000,-3.999832153320313,-3.999832153320313,-3.999832153320313,0.0
183,183,2022.08.30.11.24.13.042936,0.05,-0.4,19.4058172559005,26.36029257289249,0.0054335640151727,3.0757656,0.0280475012976751,229631,1661851452444000000,-3.972365379333496,-3.972365379333496,-3.972365379333496,0.0
184,184,2022.08.30.11.24.38.235199,0.05,-0.4,15.801233963372852,26.95991427621288,0.0037017512292705,3.0757656,0.013645287406797,229631,1661851477644000000,-3.986098766326904,-3.972365379333496,-3.986098766326904,-0.0032199936273101804
185,185,2022.08.30.11.25.03.520434,0.05,-0.4,19.4058172559005,26.31416782648323,0.0072797740287214,2.9705646,0.0340565514133191,229636,1661851502844000000,-6.636631488800049,-6.444364547729492,-6.636631488800049,-0.04507979898089087
186,186,2022.08.30.11.25.28.639379,0.05,-0.4,60.858525119968704,74.44534070454678,0.0047222005891991,1.1268078,0.0026610656183242,229635,1661851528044000000,-4.1508989334106445,-4.027298927307129,-4.1508989334106445,-0.02897983084433986
187,187,2022.08.30.11.25.53.832121,0.05,-0.4,53.64935853491335,73.31528441751989,0.0037173444391177,1.1523479,0.0028645129270181,229630,1661851553244000000,-4.28823184967041,-4.041032314300537,-4.28823184967041,-0.05795954988722751
188,188,2022.08.30.11.26.19.015198,0.05,-0.4,57.253941827441,73.96103086724953,0.0043873516256008,2.9571865,0.0029128478946148,229636,1661851578444000000,-4.192098617553711,-4.054765224456787,-4.192098617553711,-0.03219982447165004
189,189,2022.08.30.11.26.44.480427,0.05,-0.4,60.858525119968704,77.07445124987463,0.0044845036821077,2.9565785,0.002812339379639,229631,1661851603644000000,-4.178365230560303,-4.041032314300537,-4.178365230560303,-0.03219971267019783
190,190,2022.08.30.11.27.09.458118,0.05,-0.4,59.05623347370482,71.33192032192167,0.0047060396117378,3.0368474,0.0037551300966286,229631,1661851628844000000,-4.164632320404053,-4.082231998443604,-4.164632320404053,-0.019319961763861193
191,191,2022.08.30.11.27.34.639703,0.05,-0.4,57.253941827441,70.66311149898739,0.0045985976426035,3.0368474,0.0035193206556607,229630,1661851654044000000,-4.205832004547119,-4.082231998443604,-4.205832004547119,-0.028979830844339638
192,192,2022.08.30.11.27.59.836381,0.05,-0.4,55.45165018117717,71.26270812468373,0.0040372910936115,3.0368474,0.0034088992303347,229630,1661851679244000000,-4.233298778533936,-4.082231998443604,-4.233298778533936,-0.03541981809896033
193,193,2022.08.30.11.28.25.087293,0.05,-0.4,59.05623347370482,72.41582637912845,0.0050605308261862,3.0867116,0.0036855358884266,229630,1661851704444000000,-4.178365230560303,-4.054765224456787,-4.178365230560303,-0.02897983084433986
194,194,2022.08.30.11.28.50.239477,0.05,-0.4,59.05623347370482,70.96290362155632,0.0046298488374024,3.0867116,0.0052021893408529,229631,1661851729644000000,-4.178365230560303,-4.082231998443604,-4.178365230560303,-0.022539843589719166
195,195,2022.08.30.11.29.15.440399,0.05,-0.4,55.45165018117717,71.23965202697026,0.0041944675893954,3.0429285,0.003400582365745,229631,1661851754844000000,-4.233298778533936,-4.095965385437012,-4.233298778533936,-0.03219982447165026
196,196,2022.08.30.11.29.40.807361,0.05,-0.4,57.253941827441,72.32358328150816,0.0044217749741195,3.0429285,0.0027018356583117,229631,1661851780044000000,-4.205832004547119,-4.054765224456787,-4.205832004547119,-0.03541981809896033
197,197,2022.08.30.11.30.56.302070,0.05,-0.4,57.253941827441,72.46197660894856,0.0043776764611568,3.0818467,0.0031784615613048,229631,1661851855644000000,-4.205832004547119,-4.082231998443604,-4.205832004547119,-0.028979830844339638
198,198,2022.08.30.11.32.37.034069,0.05,-0.4,59.05623347370482,73.70737069990892,0.0044720357963853,2.9766455,0.0030176763937398,229630,1661851956444000000,-4.178365230560303,-4.054765224456787,-4.178365230560303,-0.02897983084433986
199,199,2022.08.30.11.33.02.242882,0.05,-0.4,59.05623347370482,73.52287164934594,0.004367687699067,2.9632673,0.0035299381750298,229631,1661851981644000000,-4.178365230560303,-4.095965385437012,-4.178365230560303,-0.019319849962409097
200,200,2022.08.30.11.33.27.472555,0.05,-0.4,53.64935853491335,69.55614206224196,0.0042266109114226,2.9717808,0.0029319191946133,229630,1661852006844000000,-4.27449893951416,-4.095965385437012,-4.27449893951416,-0.0418598053535808
201,201,2022.08.30.11.34.18.555590,0.05,-0.4,57.253941827441,72.32360236972079,0.0044515537510511,3.0702927,0.0022102974079323,229631,1661852057244000000,-4.219565391540527,-4.082231998443604,-4.219565391540527,-0.03219982447164982
202,202,2022.08.30.11.35.08.246288,0.05,-0.4,60.858525119968704,74.56065257056993,0.0047570842473616,3.008875,0.0033817006449216,229636,1661852107644000000,-4.164632320404053,-4.054765224456787,-4.164632320404053,-0.025759949018481887
203,203,2022.08.30.11.35.33.444378,0.05,-0.4,57.253941827441,75.87520784323385,0.0038687422830732,3.0009696,0.0032870197035783,229636,1661852132844000000,-4.192098617553711,-4.054765224456787,-4.192098617553711,-0.03219982447165004
204,204,2022.08.30.11.41.51.435725,0.05,-0.5,59.05623347370482,68.65668503018456,0.0071808001512133,2.9906318,0.0062561667468978,229635,1661852510844000000,-3.752632141113281,-3.6702322959899902,-3.752632141113281,-0.019319849962409097
205,205,2022.08.30.11.43.32.247802,0.05,-0.55,60.858525119968704,69.92511555643922,0.0040427125040467,2.7844863,0.0069738989658648,229630,1661852611644000000,-3.5328989028930664,-3.436765670776367,-3.5328989028930664,-0.02253984358971939
206,206,2022.08.30.11.44.47.842605,0.05,-0.55,51.84706688864952,64.75914395860202,0.0042858300767378,3.0186043,0.0054632286699104,229631,1661852687244000000,-3.697698831558228,-3.4504990577697754,-3.697698831558228,-0.05795960578795356
207,207,2022.08.30.11.46.03.448431,0.05,-0.55,53.64935853491335,64.82833107821591,0.0048370394764218,3.041104,0.0063146357296849,229636,1661852762844000000,-3.6015655994415283,-3.4642322063446045,-3.6015655994415283,-0.03219982447165015
208,208,2022.08.30.11.46.53.884219,0.05,-0.55,51.84706688864952,64.09033513566774,0.004637551416933,3.041104,0.0044647994316731,229631,1661852813244000000,-3.6839656829833984,-3.4642322063446045,-3.6839656829833984,-0.05151973033478541
209,209,2022.08.30.11.47.19.088649,0.05,-0.55,50.0447752423857,62.98334122184549,0.0056153309562075,3.041104,0.0052084798202246,229633,1661852838444000000,-3.656498908996582,-3.4779655933380127,-3.656498908996582,-0.041859749452854644
210,210,2022.08.30.11.47.44.321788,0.05,-0.55,51.84706688864952,65.10507955667148,0.0048692439682923,3.041104,0.0035903233644531,229630,1661852863644000000,-3.6015655994415283,-3.4504990577697754,-3.6015655994415283,-0.03541976219823417
211,211,2022.08.30.11.48.09.456648,0.05,-0.55,46.44019194985799,66.60413381497246,0.0038933088534961,2.8763094,0.0062641891007573,229630,1661852888844000000,-3.807565450668335,-3.436765670776367,-3.807565450668335,-0.08693943663229342
212,212,2022.08.30.11.48.59.924713,0.05,-0.55,55.45165018117717,62.45290663813899,0.0083745570879694,2.8732686,0.0267568761959821,229629,1661852939244000000,-3.5466322898864746,-3.4779655933380127,-3.5466322898864746,-0.016099912235824965
213,213,2022.08.30.11.49.25.087385,0.05,-0.55,51.84706688864952,63.02946596825475,0.0038855221664973,3.0678604,0.0080890981883118,229629,1661852964444000000,-3.656498908996582,-3.4779655933380127,-3.656498908996582,-0.041859749452854644
214,214,2022.08.30.11.51.31.087786,0.05,-0.55,1061.130388796396,1082.0634883880514,0.0036275065726511,2.7480001,0.0044629556568288,229630,1661853090444000000,-3.4642322063446045,-3.3955657482147217,-3.4642322063446045,-0.016099856335098806
215,215,2022.08.30.11.51.56.281011,0.05,-0.55,1061.130388796396,1081.9943012684375,0.0035027937399342,2.7480001,0.0049984292015443,229633,1661853115644000000,-3.4642322063446045,-3.381832361221313,-3.4642322063446045,-0.019319849962409208
216,216,2022.08.30.11.52.21.435590,0.05,-0.55,1059.3280971501322,1079.895625306816,0.0042096545784749,2.9815104,0.0042087561191927,229633,1661853140844000000,-3.491698980331421,-3.3680989742279053,-3.491698980331421,-0.02897983084433975
217,217,2022.08.30.11.54.02.261944,0.05,-0.55,1064.7349720889238,1084.4389128281284,0.003801504204601,2.9127953,0.002478156608631,229631,1661853241644000000,-3.436765670776367,-3.3680989742279053,-3.436765670776367,-0.016099912235824965
218,218,2022.08.30.11.56.58.688847,0.05,-0.55,1064.7349720889238,1085.4767196223368,0.0035103298597712,2.9851592,0.0035911297405712,229630,1661853418044000000,-3.4779655933380127,-3.354365587234497,-3.4779655933380127,-0.02897983084433986
219,219,2022.08.30.11.57.49.071164,0.05,-0.55,1070.1418470277154,1091.3115000431085,0.0040465241470158,3.0113072,0.0015055663045548,229630,1661853468444000000,-3.436765670776367,-3.340632438659668,-3.436765670776367,-0.02253984358971939
220,220,2022.08.30.11.58.14.244272,0.05,-0.55,1059.3280971501322,1082.086550761256,0.0044789721153877,3.0319827,0.0035689792689904,229630,1661853493644000000,-3.5328989028930664,-3.3680989742279053,-3.5328989028930664,-0.03863975582554435
221,221,2022.08.30.12.04.57.446776,0.05,-0.4,1111.5945548917834,1130.886532462254,0.0025040699345712,0.43114236,0.0008059434368775,229631,1661853896844000000,-3.999832153320313,-3.999832153320313,-3.999832153320313,0.0
222,222,2022.08.30.12.05.22.751224,0.05,-0.4,1062.93268044266,1087.8521440624136,0.0042159170251679,2.977862,0.0016758871843563,229631,1661853922044000000,-4.095965385437012,-4.041032314300537,-4.095965385437012,-0.012879862707788736
223,223,2022.08.30.12.07.03.412813,0.05,-0.4,1068.3395553814516,1093.4332383779342,0.0042711104741818,2.9273894,0.0020208344433977,229630,1661854022844000000,-4.082231998443604,-3.999832153320313,-4.082231998443604,-0.019319849962409208
224,224,2022.08.30.12.14.11.896403,0.05,-0.9,1061.130388796396,1094.1020472008686,0.0028039550983372,2.8878632,0.0006086699790423,229629,1661854451244000000,-2.035966157913208,-1.8299660682678225,-2.035966157913208,-0.048299736707475005
225,225,2022.08.30.12.15.02.252519,0.05,-0.9,1062.93268044266,1087.9443935552322,0.002852020683145,2.954754,0.0011283135779607,229632,1661854501644000000,-1.994766116142273,-1.8436994552612305,-1.994766116142273,-0.03541979014859731
226,226,2022.08.30.12.16.17.835363,0.05,-1.0,1068.3395553814516,1093.2256770190925,0.0033097836280201,3.0374556,0.0013706332539889,229629,1661854577244000000,-1.5003662109375,-1.3767662048339844,-1.5003662109375,-0.02897983084433986
227,227,2022.08.30.12.28.53.847699,0.05,-1.5,1070.1418470277154,1125.766685610826,0.0010089331473935,2.9127953,0.0003448403642262,229630,1661855333244000000,0.6832331418991089,0.8068330883979797,0.6832331418991089,-0.02897981686915818
228,228,2022.08.30.12.59.08.263343,0.05,-0.2,1088.1647634903534,1154.340966011363,0.0020441968114922,3.126238,0.0004475131486943,229630,1661857147644000000,-4.89249849319458,-4.878765106201172,-4.89249849319458,-0.0032199936273100693
229,229,2022.08.30.12.59.33.461371,0.05,-0.2,1122.4083047693666,1178.487270756611,0.0018459529013317,3.0879278,0.0005774903751689,229636,1661857172844000000,-4.906231880187988,-4.878765106201172,-4.906231880187988,-0.006439987254620361
230,230,2022.08.30.12.59.58.752372,0.05,-0.2,1095.3739300754091,1151.9886039444907,0.0019750404597629,3.145697,0.0005379976275198,229632,1661857198044000000,-4.89249849319458,-4.89249849319458,-4.89249849319458,0.0
231,231,2022.08.30.13.00.23.827233,0.05,-0.2,1104.385388306728,1157.408261647579,0.0019570745001115,2.893336,0.0006734083316798,229630,1661857223244000000,-4.906231880187988,-4.906231880187988,-4.906231880187988,0.0
232,232,2022.08.30.13.00.49.079658,0.05,-0.2,1086.3624718440897,1145.7156384328312,0.0022432477801299,2.9444163,0.0004769928150217,229631,1661857248444000000,-4.89249849319458,-4.878765106201172,-4.89249849319458,-0.0032199936273100693
233,233,2022.08.30.13.01.14.240233,0.05,-0.2,1071.944138673979,1136.6060010170022,0.0021179188426426,2.9894156,0.0004918455990514,229630,1661857273644000000,-4.906231880187988,-4.89249849319458,-4.906231880187988,-0.0032199936273102914
234,234,2022.08.30.13.02.04.651813,0.05,-0.2,1151.2449711095878,1236.4199522466424,0.0010892238105392,1.9744982,0.0002287738137472,229630,1661857324044000000,-4.906231880187988,-4.878765106201172,-4.906231880187988,-0.006439987254620361
235,235,2022.08.30.13.02.29.840979,0.05,-0.2,1091.7693467828813,1150.604861552213,0.0020581830432052,1.9471335,0.0004839928923744,229630,1661857349244000000,-4.89249849319458,-4.878765106201172,-4.89249849319458,-0.0032199936273100693
236,236,2022.08.30.13.02.55.075391,0.05,-0.2,1095.3739300754091,1158.9534406522891,0.0019532128798007,1.9641604,0.000456754724367,229630,1661857374444000000,-4.878765106201172,-4.906231880187988,-4.878765106201172,0.006439987254620361
237,237,2022.08.30.13.03.20.353451,0.05,-0.2,1106.187679952992,1167.7402048432532,0.0021443953616733,2.9985373,0.0004810662802648,229631,1661857399644000000,-4.89249849319458,-4.865031719207764,-4.89249849319458,-0.006439987254620361
238,238,2022.08.30.13.03.45.440621,0.05,-0.2,1079.1533052590344,1147.2838798107462,0.0019240601204176,3.0709012,0.0004301166985727,229630,1661857424844000000,-4.9199652671813965,-4.878765106201172,-4.9199652671813965,-0.009659980881930652
239,239,2022.08.30.13.04.10.640952,0.05,-0.2,1082.7578885515622,1141.7489102416348,0.0019682448968291,3.0429285,0.0004237231293053,229630,1661857450044000000,-4.933698654174805,-4.878765106201172,-4.933698654174805,-0.012879974509240943
240,240,2022.08.30.13.04.35.840321,0.05,-0.2,1091.7693467828813,1156.4857667193935,0.0018268329881464,3.0812387,0.0005478493345247,229630,1661857475244000000,-4.89249849319458,-4.89249849319458,-4.89249849319458,0.0
241,241,2022.08.30.13.05.01.173411,0.05,-0.2,1100.7808050142005,1168.8471987570754,0.0019605818216077,2.9577944,0.0005433712938145,229635,1661857500444000000,-4.878765106201172,-4.906231880187988,-4.878765106201172,0.006439987254620361
242,242,2022.08.30.13.05.26.294901,0.05,-0.2,1086.3624718440897,1157.3390745279648,0.0018485951202923,2.9961047,0.0004262035374159,229630,1661857525644000000,-4.9199652671813965,-4.878765106201172,-4.9199652671813965,-0.009659980881930652
243,243,2022.08.30.13.05.51.522170,0.05,-0.2,1093.571638429145,1156.9931389298954,0.0019199504514362,2.9900236,0.0004564078003255,229630,1661857550844000000,-4.878765106201172,-4.878765106201172,-4.878765106201172,0.0
244,244,2022.08.30.13.06.16.802078,0.05,-0.2,1097.1762217216728,1153.718281934838,0.0020317959405752,2.9875913,0.0004644408668522,229630,1661857576044000000,-4.906231880187988,-4.89249849319458,-4.906231880187988,-0.0032199936273102914
245,245,2022.08.30.13.06.41.895534,0.05,-0.2,1131.4197630006856,1189.5572098948337,0.0018854560049738,2.9766455,0.0004552578849374,229630,1661857601244000000,-4.865031719207764,-4.878765106201172,-4.865031719207764,0.0032199936273102914
246,246,2022.08.30.13.07.07.081991,0.05,-0.2,1079.1533052590344,1146.4305720021748,0.0019556681453243,3.0593472,0.0004203871506405,229630,1661857626444000000,-4.906231880187988,-4.865031719207764,-4.906231880187988,-0.009659980881930652
247,247,2022.08.30.13.07.32.320457,0.05,-0.2,1111.5945548917834,1172.4679913502025,0.0017835517127755,3.045969,0.0005273506868087,229630,1661857651644000000,-4.906231880187988,-4.878765106201172,-4.906231880187988,-0.006439987254620361
248,248,2022.08.30.13.07.57.631975,0.05,-0.2,1124.2105964156303,1176.2040958093526,0.0020946091187756,3.046577,0.0005605197106042,229629,1661857676844000000,-4.906231880187988,-4.878765106201172,-4.906231880187988,-0.006439987254620361
249,249,2022.08.30.13.08.22.789599,0.05,-0.2,1104.385388306728,1171.568558795222,0.0018110367537381,2.9194841,0.0004697338437777,229630,1661857702044000000,-4.906231880187988,-4.851298332214356,-4.906231880187988,-0.012879974509240721
250,250,2022.08.30.13.08.47.992466,0.05,-0.2,1113.3968465380472,1156.3012677337565,0.002193127395092,2.8842146,0.0006485022564696,229630,1661857727244000000,-4.878765106201172,-4.89249849319458,-4.878765106201172,0.0032199936273100693
251,251,2022.08.30.13.09.13.139617,0.05,-0.2,1104.385388306728,1161.9054244224817,0.0019632885320573,2.9474568,0.000519410346153,229630,1661857752444000000,-4.878765106201172,-4.878765106201172,-4.878765106201172,0.0
252,252,2022.08.30.13.09.38.365180,0.05,-0.2,1098.9785133679366,1156.8547646906677,0.001811293095418,2.9596188,0.0005410581288909,229632,1661857777644000000,-4.906231880187988,-4.89249849319458,-4.906231880187988,-0.0032199936273102914
253,253,2022.08.30.13.10.03.660667,0.05,-0.2,1082.7578885515622,1140.8956024330637,0.0020972573750143,3.0435364,0.0004747175307511,229634,1661857802844000000,-4.906231880187988,-4.878765106201172,-4.906231880187988,-0.006439987254620361
254,254,2022.08.30.13.10.28.768394,0.05,-0.2,1093.571638429145,1155.286523312753,0.0020305957763032,3.0210369,0.0004751773011466,229630,1661857828044000000,-4.89249849319458,-4.878765106201172,-4.89249849319458,-0.0032199936273100693
255,255,2022.08.30.13.10.53.888817,0.05,-0.2,1093.571638429145,1158.1231952169223,0.002022436894615,3.0210369,0.0005123664193228,229633,1661857853244000000,-4.89249849319458,-4.906231880187988,-4.89249849319458,0.0032199936273102914
256,256,2022.08.30.13.11.19.095817,0.05,-0.2,1088.1647634903534,1161.813174929663,0.001891467157152,3.0192125,0.0004431871585356,229630,1661857878444000000,-4.878765106201172,-4.89249849319458,-4.878765106201172,0.0032199936273100693
257,257,2022.08.30.13.11.44.352950,0.05,-0.2,1071.944138673979,1126.827554778239,0.0025169195993623,2.9711726,0.000490582896778,229629,1661857903644000000,-4.9199652671813965,-4.89249849319458,-4.9199652671813965,-0.006439987254620583
258,258,2022.08.30.13.12.09.633978,0.05,0.0,1073.7464303202428,1121.592396060788,0.0026734151569737,3.0356312,0.0004980808575373,229629,1661857928844000000,-4.933698654174805,-4.865031719207764,-4.933698654174805,-0.016099968136551235
259,259,2022.08.30.13.12.34.761822,0.05,0.0,1225.138928606405,1380.1446620578988,0.0007382430141769,1.0349848,0.0001842007689145,229629,1661857954044000000,-4.851298332214356,-4.906231880187988,-4.851298332214356,0.012879974509240721
260,260,2022.08.30.13.12.59.889639,0.05,0.1,1304.4397610420135,1458.5336685804373,0.0007380770755751,0.9887693,0.000166498634384,229630,1661857979244000000,-4.865031719207764,-4.878765106201172,-4.865031719207764,0.0032199936273102914
261,261,2022.08.30.13.14.15.414606,0.05,0.0,2173.1443345411813,2341.22294061446,0.000679548224664,2.924957,0.0001720333346197,229634,1661858054844000000,-5.743965148925781,-5.757698059082031,-5.743965148925781,0.003219881825857973
262,262,2022.08.30.13.14.40.662021,0.05,0.0,1304.4397610420135,1462.2467106663828,0.0007780669056196,3.0040102,0.0001785844724738,229635,1661858080044000000,-5.77143144607544,-5.785164833068848,-5.77143144607544,0.0032199936273100693
263,263,2022.08.30.13.16.21.606456,0.05,-0.2,1097.1762217216728,1168.1092028145274,0.0020475756680239,2.9292138,0.0004477681089008,229630,1661858180844000000,-4.878765106201172,-4.878765106201172,-4.878765106201172,0.0
264,264,2022.08.30.13.16.46.753859,0.05,-0.1,1073.7464303202428,1142.625280423411,0.0021179023861858,2.9687402,0.0004652777542022,229635,1661858206044000000,-4.933698654174805,-4.89249849319458,-4.933698654174805,-0.009659980881930874
265,265,2022.08.30.13.18.02.407707,0.05,-0.15,1271.998511409265,1411.5556143626052,0.0007226029156468,2.923133,0.0001346745535158,229629,1661858281644000000,-5.0847649574279785,-5.098498344421387,-5.0847649574279785,0.0032199936273102914
266,266,2022.08.30.13.18.27.462497,0.05,-0.15,1392.7520517089415,1533.5325062418951,0.0007443417694017,2.837999,0.0001327075675434,229630,1661858306844000000,-5.098498344421387,-5.098498344421387,-5.098498344421387,0.0
267,267,2022.08.30.13.19.43.033973,0.05,-0.3,1062.93268044266,1098.5300228561575,0.0032625975440701,3.0605633,0.0012357575196194,229631,1661858382444000000,-5.167165279388428,-5.098498344421387,-5.167165279388428,-0.016099968136551235
268,268,2022.08.30.13.20.08.232340,0.05,-0.3,1053.9212222113406,1091.2884376699035,0.0033616325745658,3.0520499,0.0011512245335864,229630,1661858407644000000,-4.576632022857666,-4.439298629760742,-4.576632022857666,-0.03219982447165015
269,269,2022.08.30.13.20.33.634832,0.05,-0.3,1064.7349720889238,1095.5780390859647,0.0035668840420567,3.0861034,0.001483960066914,229629,1661858432844000000,-4.521698474884033,-4.45303201675415,-4.521698474884033,-0.016099856335098917
270,270,2022.08.30.13.20.58.641014,0.05,-0.3,1068.3395553814516,1097.5383408083585,0.0034089332501904,3.0994818,0.0023871986312161,229635,1661858458044000000,-4.494232177734375,-4.466765403747559,-4.494232177734375,-0.006439987254620583
271,271,2022.08.30.13.21.23.849576,0.05,-0.3,1068.3395553814516,1095.0245421290538,0.0034982353295302,2.9821184,0.0025916048168764,229630,1661858483244000000,-4.494232177734375,-4.439298629760742,-4.494232177734375,-0.012879974509240943
272,272,2022.08.30.13.21.49.084925,0.05,-0.3,1066.5372637351877,1096.6158458801733,0.0034336945766781,2.9821184,0.0021348837195083,229634,1661858508444000000,-4.494232177734375,-4.439298629760742,-4.494232177734375,-0.012879974509240943
273,273,2022.08.30.13.22.14.199784,0.05,-0.3,1075.548721966507,1096.1776607892853,0.0027350441872174,2.875093,0.0083922317534603,229630,1661858533644000000,-4.466765403747559,-4.425565242767334,-4.466765403747559,-0.009659980881930652
274,274,2022.08.30.13.22.39.438053,0.05,-0.3,1061.130388796396,1090.089194263263,0.0028648081148157,2.886647,0.0031597165594395,229630,1661858558844000000,-4.535431861877441,-4.466765403747559,-4.535431861877441,-0.016099856335098917
275,275,2022.08.30.13.23.04.645371,0.05,-0.3,1062.93268044266,1092.257057344498,0.0029497984146029,3.0313745,0.002791494478856,229629,1661858584044000000,-4.521698474884033,-4.45303201675415,-4.521698474884033,-0.016099856335098917
276,276,2022.08.30.13.23.29.961291,0.05,-0.3,1075.548721966507,1091.1039386842665,0.0027280808472249,3.0605633,0.0104841284810714,229630,1661858609244000000,-4.480498790740967,-4.439298629760742,-4.480498790740967,-0.009659980881930652
277,277,2022.08.30.13.23.55.043634,0.05,-0.3,1089.9670551366175,1099.0835198130687,0.0034061433322918,2.979686,0.0243593199290331,229629,1661858634444000000,-4.439298629760742,-4.439298629760742,-4.439298629760742,0.0
278,278,2022.08.30.13.24.20.231989,0.05,-0.3,1073.7464303202428,1095.2551658611,0.0037063612815279,2.9687402,0.0018133089571728,229629,1661858659644000000,-4.507965564727783,-4.439298629760742,-4.507965564727783,-0.016099968136551235
279,279,2022.08.30.13.37.46.601862,0.05,-0.15,1043.107472333758,1106.4173544921412,0.0024066571843104,2.9310381,0.0004095956793999,229629,1661859466044000000,-5.373165130615234,-5.125965118408203,-5.373165130615234,-0.05795966168867972
280,280,2022.08.30.13.49.32.240501,0.05,-0.3,1046.7120556262853,1081.899101160743,0.0044694240177131,2.91766,0.0004762655159633,229635,1661860171644000000,-7.32329797744751,-7.282097816467285,-7.32329797744751,-0.009659980881930874
281,281,2022.08.30.13.49.57.451125,0.05,-0.3,1057.5258055038685,1100.6056364445742,0.0033334223213892,2.9127953,0.0007130262882029,229634,1661860196844000000,-7.295831203460693,-7.309564590454102,-7.295831203460693,0.0032199936273102914
282,282,2022.08.30.13.50.22.785942,0.05,-0.3,1050.3166389188132,1099.4294554111382,0.0030223349530756,2.977862,0.0007713898224718,229634,1661860222044000000,-4.617832183837891,-4.45303201675415,-4.617832183837891,-0.03863981172627051
283,283,2022.08.30.13.50.47.817019,0.05,-0.3,1068.3395553814516,1113.7281267980088,0.0032200633899172,3.0009696,0.0006876112246417,229634,1661860247244000000,-4.507965564727783,-4.425565242767334,-4.507965564727783,-0.019319961763861526
284,284,2022.08.30.13.52.03.645154,0.05,-0.3,13.998942317109028,39.11378495505308,0.0026657883383326,3.0338068,0.0012869283133534,229636,1661860322844000000,-4.439298629760742,-4.466765403747559,-4.439298629760742,0.006439987254620361
285,285,2022.08.30.13.52.28.608925,0.05,-0.3,13.998942317109028,31.803012649185256,0.0042641696434051,3.0338068,0.0031862257026678,229631,1661860348044000000,-4.439298629760742,-4.411831855773926,-4.439298629760742,-0.006439987254620583
286,286,2022.08.30.13.52.53.838026,0.05,-0.3,1070.1418470277154,1103.1655598702882,0.0036243474351223,1.4904511,0.0005090877241135,229629,1661860373244000000,-4.425565242767334,-4.439298629760742,-4.425565242767334,0.0032199936273102914
287,287,2022.08.30.13.53.19.121629,0.05,-0.3,1070.1418470277154,1104.4570527697476,0.0035308669231487,2.9857671,0.0003753456246609,229634,1661860398444000000,-4.480498790740967,-4.480498790740967,-4.480498790740967,0.0
288,288,2022.08.30.13.53.44.238227,0.05,-0.3,1084.560180197826,1111.9984488076616,0.0039123117009943,3.0046182,0.00086267707945,229634,1661860423644000000,-4.45303201675415,-4.425565242767334,-4.45303201675415,-0.006439987254620583
289,289,2022.08.30.13.54.09.439884,0.05,-0.3,1061.130388796396,1093.110365153069,0.0039989583742953,3.0204287,0.0006660659058135,229630,1661860448844000000,-4.507965564727783,-4.466765403747559,-4.507965564727783,-0.009659980881930874
290,290,2022.08.30.13.54.34.716016,0.05,-0.3,1080.955596905298,1108.2623443485115,0.0039421859346938,3.0563066,0.0007628506572554,229629,1661860474044000000,-4.480498790740967,-4.425565242767334,-4.480498790740967,-0.012879974509240943
291,291,2022.08.30.13.54.59.849616,0.05,-0.3,1070.1418470277154,1104.3186785305195,0.0037691282174115,3.0234692,0.0004600460116614,229630,1661860499244000000,-4.480498790740967,-4.425565242767334,-4.480498790740967,-0.012879974509240943
292,292,2022.08.30.13.55.25.023602,0.05,-0.3,1077.3510136127709,1103.8574310664271,0.0039051918142416,2.9888077,0.000620720536357,229631,1661860524444000000,-4.480498790740967,-4.411831855773926,-4.480498790740967,-0.016099968136551235
293,293,2022.08.30.13.55.50.232262,0.05,-0.3,1075.548721966507,1098.7837089614084,0.003740724901661,2.9888077,0.0007785631979262,229630,1661860549644000000,-4.480498790740967,-4.425565242767334,-4.480498790740967,-0.012879974509240943
294,294,2022.08.30.13.56.15.440831,0.05,-0.3,1077.3510136127709,1103.0963727506744,0.0035928721649222,3.041712,0.001187433619008,229632,1661860574844000000,-4.466765403747559,-4.439298629760742,-4.466765403747559,-0.006439987254620361
295,295,2022.08.30.13.56.40.770145,0.05,-0.3,1082.7578885515622,1111.1451409990902,0.0035138367622556,3.046577,0.0006799637917064,229629,1661860600044000000,-4.466765403747559,-4.439298629760742,-4.466765403747559,-0.006439987254620361
296,296,2022.08.30.13.57.05.835154,0.05,-0.3,1077.3510136127709,1101.113008655076,0.0039124882908808,3.1280622,0.000626185561905,229630,1661860625244000000,-4.45303201675415,-4.425565242767334,-4.45303201675415,-0.006439987254620583
297,297,2022.08.30.13.57.31.049568,0.05,-0.3,1068.3395553814516,1103.0963727506744,0.0034442214123757,3.113468,0.0005530062818857,229629,1661860650444000000,-4.494232177734375,-4.439298629760742,-4.494232177734375,-0.012879974509240943
298,298,2022.08.30.13.57.56.265241,0.05,-0.15,1084.560180197826,1114.7428712190126,0.0037684119438685,3.1225896,0.0006217319173209,229630,1661860675644000000,-4.45303201675415,-4.425565242767334,-4.45303201675415,-0.006439987254620583
299,299,2022.08.30.13.58.46.625883,0.05,-0.15,1082.7578885515622,1152.0577910641043,0.0019087505638427,3.0094829,0.0003575114904399,229630,1661860726044000000,-5.125965118408203,-5.112231731414795,-5.125965118408203,-0.0032199936273100693
